{"_step":99,"Accuracy":81.95,"Avg loss":0.5120293636610553,"_timestamp":1.7278053892979958e+09,"_wandb":{"runtime":101},"_runtime":29.029281165}