{"_timestamp":1.72780567938687e+09,"_runtime":211.267767161,"_step":99,"_wandb":{"runtime":211},"Accuracy":84.26,"Avg loss":0.44613285974335315}