{"_wandb":{"runtime":64},"_runtime":55.202088794,"_step":24,"Accuracy":81.95,"Avg loss":0.5120293636610553,"_timestamp":1.7278021708725028e+09}