{"_step":9,"_wandb":{"runtime":73},"Accuracy":76.07000000000001,"Avg loss":0.6834218948130395,"_timestamp":1.7278020604062874e+09,"_runtime":22.100708906}